#Digilent WaveForms Oscilloscope Acquisition,,,
#Device Name: Discovery2,,,
#Serial Number: SN:210321AC1D4D,,,
#Date Time: 2020-12-03 16:30:41.368,,,
#Sample rate: 7.69231e+06Hz,,,
#Samples: 8192,,,
#Trigger: Source: Channel 1 Type: Edge Condition: Rising Level: 0 V Hyst.: Auto HoldOff: 0 s,,,
#Channel 1: Range: 2 V/div Offset: 0 V Attenuation: 1 X,,,
#Channel 2: Range: 2 V/div Offset: 0 V Attenuation: 1 X,,,
#Wavegen Channel 1: Running,,,
#Mode: Simple,,,
#Type: Sine,,,
#Frequency: 10 kHz,,,
#Period: 100 us,,,
#Amplitude: 1 V,,,
#Offset: 2.5 V,,,
#Symmetry: 50 %,,,
#Phase: 0 ��,,,
#Power Supplies: ON,,,
#Positive Supply: ON,,,
#Voltage: 5 V,,,
#Negative Supply: ON,,,
#Voltage: -5 V,,,
,,,
Time (s),Channel 1 (V),Channel 2 (V),
0.43162158,0.540390109,2.5
0.43162171,0.536626378,2.49183195,
0.43162184,0.532862646,2.483664445,
0.43162197,0.540390109,2.47549803,
0.4316221,0.547917573,2.467333249,
0.43162223,0.555445036,2.459170648,
0.43162236,0.551681305,2.451010771,
0.43162249,0.559208768,2.442854163,
0.43162262,0.5629725,2.434701367,
0.43162275,0.5629725,2.426552927,
0.43162288,0.566736231,2.418409388,
0.43162301,0.570499963,2.410271293,
0.43162314,0.578027427,2.402139184,
0.43162327,0.581791158,2.394013604,
0.4316234,0.58555489,2.385895096,
0.43162353,0.593082354,2.3777842,
0.43162366,0.593082354,2.369681458,
0.43162379,0.604373549,2.361587411,
0.43162392,0.611901012,2.353502599,
0.43162405,0.615664744,2.34542756,
0.43162418,0.634483403,2.337362835,
0.43162431,0.645774598,2.32930896,
0.43162444,0.657065793,2.321266473,
0.43162457,0.67212072,2.313235912,
0.4316247,0.679648184,2.30521781,
0.43162483,0.694703111,2.297212705,
0.43162496,0.702230574,2.289221128,
0.43162509,0.713521769,2.281243615,
0.43162522,0.73610416,2.273280697,
0.43162535,0.747395355,2.265332905,
0.43162548,0.769977745,2.257400769,
0.43162561,0.785032672,2.249484819,
0.43162574,0.800087599,2.241585584,
0.43162587,0.815142526,2.233703589,
0.431626,0.841488648,2.225839361,
0.43162613,0.860307307,2.217993424,
0.43162626,0.879125966,2.210166302,
0.43162639,0.894180893,2.202358518,
0.43162652,0.920527015,2.194570592,
0.43162665,0.943109405,2.186803043,
0.43162678,0.958164332,2.17905639,
0.43162691,0.976982991,2.17133115,
0.43162704,0.999565382,2.163627838,
0.43162717,1.022147772,2.155946969,
0.4316273,1.040966431,2.148289054,
0.43162743,1.063548821,2.140654604,
0.43162756,1.086131212,2.133044129,
0.43162769,1.097422407,2.125458137,
0.43162782,1.123768529,2.117897134,
0.43162795,1.142587188,2.110361624,
0.43162808,1.16893331,2.102852109,
0.43162821,1.183988237,2.095369092,
0.43162834,1.210334359,2.087913071,
0.43162847,1.236680481,2.080484544,
0.4316286,1.247971676,2.073084006,
0.43162873,1.270554067,2.065711951,
0.43162886,1.293136457,2.058368871,
0.43162899,1.308191384,2.051055255,
0.43162912,1.330773775,2.043771593,
0.43162925,1.345828702,2.036518369,
0.43162938,1.368411092,2.029296068,
0.43162951,1.394757214,2.022105171,
0.43162964,1.417339605,2.014946159,
0.43162977,1.436158263,2.007819508,
0.4316299,1.466268117,2.000725695,
0.43163003,1.481323044,1.993665193,
0.43163016,1.507669166,1.986638472,
0.43163029,1.518960362,1.979646002,
0.43163042,1.549070216,1.972688249,
0.43163055,1.560361411,1.965765677,
0.43163068,1.579180069,1.958878748,
0.43163081,1.60176246,1.952027922,
0.43163094,1.62434485,1.945213655,
0.43163107,1.646927241,1.938436403,
0.4316312,1.669509631,1.931696617,
0.43163133,1.692092022,1.924994748,
0.43163146,1.714674412,1.918331242,
0.43163159,1.729729339,1.911706543,
0.43163172,1.75231173,1.905121095,
0.43163185,1.771130388,1.898575336,
0.43163198,1.789949047,1.892069702,
0.43163211,1.808767706,1.885604629,
0.43163224,1.831350096,1.879180547,
0.43163237,1.846405023,1.872797885,
0.4316325,1.868987413,1.866457069,
0.43163263,1.88404234,1.860158521,
0.43163276,1.910388463,1.853902663,
0.43163289,1.929207121,1.847689911,
0.43163302,1.94802578,1.841520679,
0.43163315,1.974371902,1.835395381,
0.43163328,1.996954293,1.829314423,
0.43163341,2.015772951,1.823278213,
0.43163354,2.038355342,1.817287152,
0.43163367,2.057174,1.811341641,
0.4316338,2.075992659,1.805442075,
0.43163393,2.09857505,1.799588849,
0.43163406,2.124921172,1.793782353,
0.43163419,2.139976099,1.788022975,
0.43163432,2.166322221,1.782311099,
0.43163445,2.188904611,1.776647105,
0.43163458,2.20772327,1.771031373,
0.43163471,2.226541929,1.765464275,
0.43163484,2.249124319,1.759946185,
0.43163497,2.267942978,1.754477469,
0.4316351,2.279234173,1.749058494,
0.43163523,2.305580295,1.74368962,
0.43163536,2.331926417,1.738371205,
0.43163549,2.346981344,1.733103605,
0.43163562,2.373327467,1.727887171,
0.43163575,2.392146125,1.722722251,
0.43163588,2.418492247,1.717609189,
0.43163601,2.433547174,1.712548327,
0.43163614,2.456129565,1.707540003,
0.43163627,2.474948224,1.70258455,
0.4316364,2.497530614,1.697682299,
0.43163653,2.512585541,1.692833577,
0.43163666,2.538931663,1.688038708,
0.43163679,2.561514054,1.683298011,
0.43163692,2.576568981,1.678611803,
0.43163705,2.599151371,1.673980397,
0.43163718,2.621733761,1.669404101,
0.43163731,2.64055242,1.664883221,
0.43163744,2.659371079,1.660418058,
0.43163757,2.681953469,1.656008911,
0.4316377,2.700772128,1.651656073,
0.43163783,2.723354518,1.647359836,
0.43163796,2.749700641,1.643120484,
0.43163809,2.764755568,1.638938303,
0.43163822,2.787337958,1.634813569,
0.43163835,2.81368408,1.63074656,
0.43163848,2.828739007,1.626737545,
0.43163861,2.847557666,1.622786793,
0.43163874,2.870140056,1.618894567,
0.43163887,2.892722447,1.615061126,
0.431639,2.919068569,1.611286727,
0.43163913,2.937887228,1.607571622,
0.43163926,2.952942154,1.603916057,
0.43163939,2.975524545,1.600320278,
0.43163952,2.98681574,1.596784524,
0.43163965,3.013161862,1.59330903,
0.43163978,3.035744253,1.589894029,
0.43163991,3.05079918,1.586539749,
0.43164004,3.07338157,1.583246413,
0.43164017,3.095963961,1.580014242,
0.4316403,3.122310083,1.57684345,
0.43164043,3.141128741,1.573734249,
0.43164056,3.1599474,1.570686847,
0.43164069,3.182529791,1.567701447,
0.43164082,3.197584718,1.564778249,
0.43164095,3.22393084,1.561917446,
0.43164108,3.238985767,1.559119231,
0.43164121,3.261568157,1.55638379,
0.43164134,3.284150548,1.553711305,
0.43164147,3.306732938,1.551101954,
0.4316416,3.329315328,1.548555913,
0.43164173,3.348133987,1.546073349,
0.43164186,3.374480109,1.543654431,
0.43164199,3.389535036,1.541299317,
0.43164212,3.408353695,1.539008167,
0.43164225,3.434699817,1.536781132,
0.43164238,3.449754744,1.534618361,
0.43164251,3.472337135,1.532519999,
0.43164264,3.48362833,1.530486185,
0.43164277,3.509974452,1.528517056,
0.4316429,3.532556842,1.526612742,
0.43164303,3.551375501,1.52477337,
0.43164316,3.57019416,1.522999064,
0.43164329,3.589012819,1.521289942,
0.43164342,3.611595209,1.519646117,
0.43164355,3.630413868,1.5180677,
0.43164368,3.652996258,1.516554795,
0.43164381,3.67934238,1.515107504,
0.43164394,3.701924771,1.513725923,
0.43164407,3.713215966,1.512410145,
0.4316442,3.74332582,1.511160257,
0.43164433,3.758380747,1.509976342,
0.43164446,3.780963137,1.50885848,
0.43164459,3.807309259,1.507806745,
0.43164472,3.826127918,1.506821208,
0.43164485,3.844946577,1.505901933,
0.43164498,3.863765236,1.505048983,
0.43164511,3.890111358,1.504262414,
0.43164524,3.908930016,1.503542279,
0.43164537,3.927748675,1.502888626,
0.4316455,3.946567334,1.502301498,
0.43164563,3.965385992,1.501780935,
0.43164576,3.987968383,1.501326971,
0.43164589,4.014314505,1.500939637,
0.43164602,4.029369432,1.500618958,
0.43164615,4.055715554,1.500364956,
0.43164628,4.082061676,1.500177648,
0.43164641,4.104644067,1.500057046,
0.43164654,4.123462726,1.500003158,
0.43164667,4.142281384,1.500015989,
0.4316468,4.164863775,1.500095536,
0.43164693,4.183682433,1.500241796,
0.43164706,4.202501092,1.500454757,
0.43164719,4.221319751,1.500734406,
0.43164732,4.236374678,1.501080724,
0.43164745,4.251429605,1.501493689,
0.43164758,4.274011995,1.501973272,
0.43164771,4.292830654,1.502519441,
0.43164784,4.307885581,1.50313216,
0.43164797,4.322940508,1.503811389,
0.4316481,4.337995435,1.504557081,
0.43164823,4.360577825,1.505369188,
0.43164836,4.375632752,1.506247655,
0.43164849,4.383160216,1.507192422,
0.43164862,4.394451411,1.508203428,
0.43164875,4.398215143,1.509280605,
0.43164888,4.409506338,1.510423881,
0.43164901,4.417033801,1.51163318,
0.43164914,4.424561265,1.512908421,
0.43164927,4.439616192,1.514249518,
0.4316494,4.443379923,1.515656383,
0.43164953,4.454671119,1.517128922,
0.43164966,4.454671119,1.518667036,
0.43164979,4.462198582,1.520270623,
0.43164992,4.462198582,1.521939575,
0.43165005,4.462198582,1.523673782,
0.43165018,4.469726046,1.525473127,
0.43165031,4.469726046,1.527337491,
0.43165044,4.473489777,1.52926675,
0.43165057,4.465962314,1.531260774,
0.4316507,4.465962314,1.53331943,
0.43165083,4.465962314,1.535442582,
0.43165096,4.462198582,1.537630087,
0.43165109,4.454671119,1.539881799,
0.43165122,4.454671119,1.542197569,
0.43165135,4.45843485,1.544577242,
0.43165148,4.45843485,1.547020658,
0.43165161,4.45843485,1.549527656,
0.43165174,4.454671119,1.552098068,
0.43165187,4.454671119,1.554731722,
0.431652,4.454671119,1.557428442,
0.43165213,4.447143655,1.560188049,
0.43165226,4.447143655,1.563010358,
0.43165239,4.454671119,1.565895182,
0.43165252,4.447143655,1.568842328,
0.43165265,4.443379923,1.571851598,
0.43165278,4.443379923,1.574922793,
0.43165291,4.443379923,1.578055708,
0.43165304,4.439616192,1.581250132,
0.43165317,4.439616192,1.584505854,
0.4316533,4.439616192,1.587822657,
0.43165343,4.439616192,1.591200318,
0.43165356,4.447143655,1.594638612,
0.43165369,4.439616192,1.598137311,
0.43165382,4.439616192,1.60169618,
0.43165395,4.443379923,1.605314982,
0.43165408,4.443379923,1.608993476,
0.43165421,4.443379923,1.612731416,
0.43165434,4.447143655,1.616528553,
0.43165447,4.450907387,1.620384634,
0.4316546,4.450907387,1.624299401,
0.43165473,4.447143655,1.628272593,
0.43165486,4.447143655,1.632303946,
0.43165499,4.454671119,1.636393189,
0.43165512,4.447143655,1.640540051,
0.43165525,4.450907387,1.644744254,
0.43165538,4.450907387,1.649005518,
0.43165551,4.447143655,1.653323559,
0.43165564,4.454671119,1.657698089,
0.43165577,4.450907387,1.662128816,
0.4316559,4.454671119,1.666615443,
0.43165603,4.454671119,1.671157673,
0.43165616,4.447143655,1.675755202,
0.43165629,4.454671119,1.680407722,
0.43165642,4.447143655,1.685114925,
0.43165655,4.447143655,1.689876494,
0.43165668,4.447143655,1.694692114,
0.43165681,4.450907387,1.699561463,
0.43165694,4.447143655,1.704484215,
0.43165707,4.450907387,1.709460043,
0.4316572,4.450907387,1.714488614,
0.43165733,4.447143655,1.719569593,
0.43165746,4.447143655,1.72470264,
0.43165759,4.450907387,1.729887415,
0.43165772,4.450907387,1.735123569,
0.43165785,4.450907387,1.740410755,
0.43165798,4.454671119,1.745748619,
0.43165811,4.447143655,1.751136806,
0.43165824,4.439616192,1.756574955,
0.43165837,4.443379923,1.762062704,
0.4316585,4.443379923,1.767599687,
0.43165863,4.439616192,1.773185535,
0.43165876,4.439616192,1.778819874,
0.43165889,4.447143655,1.784502329,
0.43165902,4.443379923,1.79023252,
0.43165915,4.447143655,1.796010066,
0.43165928,4.450907387,1.801834581,
0.43165941,4.439616192,1.807705676,
0.43165954,4.447143655,1.81362296,
0.43165967,4.443379923,1.819586038,
0.4316598,4.43585246,1.825594511,
0.43165993,4.439616192,1.83164798,
0.43166006,4.443379923,1.83774604,
0.43166019,4.443379923,1.843888284,
0.43166032,4.447143655,1.850074303,
0.43166045,4.443379923,1.856303683,
0.43166058,4.450907387,1.86257601,
0.43166071,4.443379923,1.868890865,
0.43166084,4.450907387,1.875247826,
0.43166097,4.447143655,1.881646469,
0.4316611,4.443379923,1.888086368,
0.43166123,4.450907387,1.894567093,
0.43166136,4.447143655,1.901088211,
0.43166149,4.443379923,1.907649287,
0.43166162,4.450907387,1.914249883,
0.43166175,4.443379923,1.92088956,
0.43166188,4.447143655,1.927567874,
0.43166201,4.447143655,1.93428438,
0.43166214,4.447143655,1.941038629,
0.43166227,4.447143655,1.947830171,
0.4316624,4.450907387,1.954658553,
0.43166253,4.450907387,1.961523319,
0.43166266,4.454671119,1.968424011,
0.43166279,4.450907387,1.975360169,
0.43166292,4.447143655,1.98233133,
0.43166305,4.447143655,1.989337029,
0.43166318,4.454671119,1.996376798,
0.43166331,4.454671119,2.003450169,
0.43166344,4.447143655,2.010556668,
0.43166357,4.450907387,2.017695821,
0.4316637,4.450907387,2.024867154,
0.43166383,4.447143655,2.032070186,
0.43166396,4.447143655,2.039304437,
0.43166409,4.450907387,2.046569426,
0.43166422,4.439616192,2.053864666,
0.43166435,4.447143655,2.061189672,
0.43166448,4.443379923,2.068543954,
0.43166461,4.439616192,2.075927023,
0.43166474,4.443379923,2.083338384,
0.43166487,4.439616192,2.090777545,
0.431665,4.443379923,2.098244008,
0.43166513,4.43585246,2.105737276,
0.43166526,4.443379923,2.113256848,
0.43166539,4.439616192,2.120802223,
0.43166552,4.439616192,2.128372897,
0.43166565,4.432088728,2.135968365,
0.43166578,4.432088728,2.143588121,
0.43166591,4.432088728,2.151231656,
0.43166604,4.428324996,2.158898461,
0.43166617,4.424561265,2.166588023,
0.4316663,4.424561265,2.174299829,
0.43166643,4.428324996,2.182033366,
0.43166656,4.424561265,2.189788117,
0.43166669,4.420797533,2.197563565,
0.43166682,4.417033801,2.20535919,
0.43166695,4.409506338,2.213174474,
0.43166708,4.398215143,2.221008894,
0.43166721,4.386923947,2.228861928,
0.43166734,4.375632752,2.236733051,
0.43166747,4.368105289,2.24462174,
0.4316676,4.34928663,2.252527466,
0.43166773,4.337995435,2.260449704,
0.43166786,4.330467971,2.268387924,
0.43166799,4.319176776,2.276341597,
0.43166812,4.300358117,2.284310191,
0.43166825,4.289066922,2.292293176,
0.43166838,4.270248263,2.300290019,
0.43166851,4.247665873,2.308300187,
0.43166864,4.232610946,2.316323144,
0.43166877,4.210028556,2.324358356,
0.4316689,4.19873736,2.332405286,
0.43166903,4.168627506,2.340463398,
0.43166916,4.146045116,2.348532153,
0.43166929,4.127226457,2.356611015,
0.43166942,4.11217153,2.364699443,
0.43166955,4.085825408,2.372796898,
0.43166968,4.070770481,2.38090284,
0.43166981,4.048188091,2.389016728,
0.43166994,4.029369432,2.39713802,
0.43167007,4.006787042,2.405266175,
0.4316702,3.984204651,2.413400651,
0.43167033,3.961622261,2.421540904,
0.43167046,3.942803602,2.429686392,
0.43167059,3.923984943,2.437836572,
0.43167072,3.905166285,2.445990898,
0.43167085,3.886347626,2.454148828,
0.43167098,3.867528967,2.462309817,
0.43167111,3.848710309,2.470473321,
0.43167124,3.82989165,2.478638795,
0.43167137,3.807309259,2.486805694,
0.4316715,3.792254332,2.494973473,
0.43167163,3.76590821,2.503141587,
0.43167176,3.750853283,2.511309492,
0.43167189,3.720743429,2.519476643,
0.43167202,3.705688502,2.527642494,
0.43167215,3.686869844,2.535806501,
0.43167228,3.671814917,2.543968118,
0.43167241,3.649232526,2.552126803,
0.43167254,3.630413868,2.560282009,
0.43167267,3.607831477,2.568433194,
0.4316728,3.589012819,2.576579813,
0.43167293,3.566430428,2.584721322,
0.43167306,3.547611769,2.592857179,
0.43167319,3.528793111,2.600986841,
0.43167332,3.509974452,2.609109765,
0.43167345,3.48362833,2.61722541,
0.43167358,3.461045939,2.625333234,
0.43167371,3.434699817,2.633432695,
0.43167384,3.415881158,2.641523254,
0.43167397,3.393298768,2.649604371,
0.4316741,3.370716378,2.657675507,
0.43167423,3.344370255,2.665736123,
0.43167436,3.318024133,2.673785681,
0.43167449,3.295441743,2.681823645,
0.43167462,3.265331889,2.689849477,
0.43167475,3.238985767,2.697862644,
0.43167488,3.216403376,2.705862609,
0.43167501,3.190057254,2.713848839,
0.43167514,3.171238595,2.721820802,
0.43167527,3.141128741,2.729777965,
0.4316754,3.114782619,2.737719798,
0.43167553,3.084672765,2.745645771,
0.43167566,3.058326643,2.753555355,
0.43167579,3.028216789,2.761448022,
0.43167592,3.001870667,2.769323246,
0.43167605,2.975524545,2.777180501,
0.43167618,2.945414691,2.785019262,
0.43167631,2.926596032,2.792839008,
0.43167644,2.90024991,2.800639217,
0.43167657,2.885194983,2.808419367,
0.4316767,2.855085129,2.81617894,
0.43167683,2.828739007,2.823917418,
0.43167696,2.802392885,2.831634285,
0.43167709,2.772283031,2.839329026,
0.43167722,2.749700641,2.847001128,
0.43167735,2.723354518,2.854650078,
0.43167748,2.700772128,2.862275367,
0.43167761,2.674426006,2.869876485,
0.43167774,2.648079884,2.877452926,
0.43167787,2.621733761,2.885004184,
0.431678,2.591623907,2.892529755,
0.43167813,2.565277785,2.900029137,
0.43167826,2.535167931,2.90750183,
0.43167839,2.505058077,2.914947336,
0.43167852,2.482475687,2.922365156,
0.43167865,2.452365833,2.929754798,
0.43167878,2.429783443,2.937115767,
0.43167891,2.407201052,2.944447572,
0.43167904,2.377091198,2.951749725,
0.43167917,2.350745076,2.959021737,
0.4316793,2.328162686,2.966263125,
0.43167943,2.301816564,2.973473404,
0.43167956,2.279234173,2.980652095,
0.43167969,2.256651783,2.987798716,
0.43167982,2.23030566,2.994912793,
0.43167995,2.196432075,3.001993851,
0.43168008,2.177613416,3.009041416,
0.43168021,2.151267294,3.016055019,
0.43168034,2.124921172,3.023034191,
0.43168047,2.102338781,3.029978468,
0.4316806,2.079756391,3.036887385,
0.43168073,2.049646537,3.043760483,
0.43168086,2.023300415,3.050597301,
0.43168099,1.996954293,3.057397385,
0.43168112,1.966844439,3.064160281,
0.43168125,1.936734585,3.070885536,
0.43168138,1.914152194,3.077572703,
0.43168151,1.887806072,3.084221336,
0.43168164,1.857696218,3.09083099,
0.43168177,1.835113828,3.097401226,
0.4316819,1.812531437,3.103931603,
0.43168203,1.789949047,3.110421688,
0.43168216,1.759839193,3.116871046,
0.43168229,1.737256803,3.123279248,
0.43168242,1.718438144,3.129645866,
0.43168255,1.692092022,3.135970475,
0.43168268,1.665745899,3.142252653,
0.43168281,1.635636046,3.148491981,
0.43168294,1.605526192,3.154688044,
0.43168307,1.582943801,3.160840426,
0.4316832,1.556597679,3.166948719,
0.43168333,1.530251557,3.173012514,
0.43168346,1.503905435,3.179031406,
0.43168359,1.481323044,3.185004995,
0.43168372,1.447449459,3.190932882,
0.43168385,1.424867068,3.196814671,
0.43168398,1.394757214,3.20264997,
0.43168411,1.368411092,3.208438389,
0.43168424,1.353356165,3.214179543,
0.43168437,1.330773775,3.219873048,
0.4316845,1.304427652,3.225518524,
0.43168463,1.285608994,3.231115595,
0.43168476,1.25549914,3.236663887,
0.43168489,1.225389286,3.24216303,
0.43168502,1.206570627,3.247612658,
0.43168515,1.183988237,3.253012407,
0.43168528,1.157642115,3.258361915,
0.43168541,1.123768529,3.263660828,
0.43168554,1.108713602,3.26890879,
0.43168567,1.086131212,3.274105452,
0.4316858,1.056021358,3.279250467,
0.43168593,1.037202699,3.284343492,
0.43168606,1.007092845,3.289384187,
0.43168619,0.984510455,3.294372216,
0.43168632,0.961928064,3.299307246,
0.43168645,0.939345674,3.304188947,
0.43168658,0.90923582,3.309016994,
0.43168671,0.890417161,3.313791066,
0.43168684,0.867834771,3.318510842,
0.43168697,0.849016112,3.32317601,
0.4316871,0.826433722,3.327786256,
0.43168723,0.807615063,3.332341274,
0.43168736,0.788796404,3.33684076,
0.43168749,0.769977745,3.341284413,
0.43168762,0.743631623,3.345671937,
0.43168775,0.732340428,3.35000304,
0.43168788,0.717285501,3.354277432,
0.43168801,0.702230574,3.358494828,
0.43168814,0.694703111,3.362654947,
0.43168827,0.690939379,3.366757511,
0.4316884,0.679648184,3.370802247,
0.43168853,0.67212072,3.374788884,
0.43168866,0.67212072,3.378717157,
0.43168879,0.67212072,3.382586804,
0.43168892,0.664593257,3.386397566,
0.43168905,0.664593257,3.39014919,
0.43168918,0.657065793,3.393841424,
0.43168931,0.660829525,3.397474023,
0.43168944,0.660829525,3.401046744,
0.43168957,0.660829525,3.404559349,
0.4316897,0.657065793,3.408011603,
0.43168983,0.653302062,3.411403277,
0.43168996,0.657065793,3.414734143,
0.43169009,0.653302062,3.41800398,
0.43169022,0.64953833,3.421212569,
0.43169035,0.638247135,3.424359697,
0.43169048,0.634483403,3.427445153,
0.43169061,0.626955939,3.430468732,
0.43169074,0.626955939,3.433430232,
0.43169087,0.623192208,3.436329455,
0.431691,0.623192208,3.439166207,
0.43169113,0.615664744,3.441940301,
0.43169126,0.611901012,3.444651549,
0.43169139,0.615664744,3.447299773,
0.43169152,0.611901012,3.449884794,
0.43169165,0.608137281,3.452406441,
0.43169178,0.611901012,3.454864545,
0.43169191,0.600609817,3.457258942,
0.43169204,0.600609817,3.459589472,
0.43169217,0.600609817,3.461855981,
0.4316923,0.596846085,3.464058316,
0.43169243,0.604373549,3.466196331,
0.43169256,0.604373549,3.468269884,
0.43169269,0.604373549,3.470278835,
0.43169282,0.596846085,3.47222305,
0.43169295,0.604373549,3.474102401,
0.43169308,0.600609817,3.475916762,
0.43169321,0.596846085,3.477666011,
0.43169334,0.600609817,3.479350032,
0.43169347,0.596846085,3.480968713,
0.4316936,0.596846085,3.482521945,
0.43169373,0.593082354,3.484009626,
0.43169386,0.593082354,3.485431655,
0.43169399,0.596846085,3.486787937,
0.43169412,0.596846085,3.488078383,
0.43169425,0.593082354,3.489302907,
0.43169438,0.596846085,3.490461426,
0.43169451,0.593082354,3.491553863,
0.43169464,0.593082354,3.492580145,
0.43169477,0.593082354,3.493540205,
0.4316949,0.600609817,3.494433977,
0.43169503,0.589318622,3.495261402,
0.43169516,0.596846085,3.496022426,
0.43169529,0.596846085,3.496716996,
0.43169542,0.593082354,3.497345068,
0.43169555,0.593082354,3.497906598,
0.43169568,0.593082354,3.49840155,
0.43169581,0.589318622,3.498829891,
0.43169594,0.593082354,3.499191591,
0.43169607,0.589318622,3.499486627,
0.4316962,0.589318622,3.499714979,
0.43169633,0.58555489,3.499876632,
0.43169646,0.58555489,3.499971576,
0.43169659,0.58555489,3.499999803,
0.43169672,0.589318622,3.499961311,
0.43169685,0.593082354,3.499856105,
0.43169698,0.58555489,3.499684189,
0.43169711,0.589318622,3.499445577,
0.43169724,0.593082354,3.499140283,
0.43169737,0.589318622,3.498768329,
0.4316975,0.593082354,3.498329739,
0.43169763,0.589318622,3.497824541,
0.43169776,0.593082354,3.497252771,
0.43169789,0.58555489,3.496614466,
0.43169802,0.589318622,3.495909669,
0.43169815,0.589318622,3.495138427,
0.43169828,0.58555489,3.49430079,
0.43169841,0.589318622,3.493396816,
0.43169854,0.58555489,3.492426564,
0.43169867,0.58555489,3.4913901,
0.4316988,0.58555489,3.490287491,
0.43169893,0.581791158,3.489118813,
0.43169906,0.58555489,3.487884142,
0.43169919,0.589318622,3.486583562,
0.43169932,0.581791158,3.485217158,
0.43169945,0.58555489,3.483785022,
0.43169958,0.58555489,3.482287251,
0.43169971,0.58555489,3.480723943,
0.43169984,0.593082354,3.479095202,
0.43169997,0.589318622,3.477401139,
0.4317001,0.58555489,3.475641865,
0.43170023,0.58555489,3.473817497,
0.43170036,0.589318622,3.471928159,
0.43170049,0.589318622,3.469973975,
0.43170062,0.589318622,3.467955077,
0.43170075,0.593082354,3.465871598,
0.43170088,0.589318622,3.463723678,
0.43170101,0.593082354,3.461511461,
0.43170114,0.589318622,3.459235093,
0.43170127,0.593082354,3.456894726,
0.4317014,0.589318622,3.454490517,
0.43170153,0.589318622,3.452022627,
0.43170166,0.593082354,3.449491219,
0.43170179,0.593082354,3.446896463,
0.43170192,0.593082354,3.444238532,
0.43170205,0.589318622,3.441517603,
0.43170218,0.589318622,3.438733858,
0.43170231,0.589318622,3.435887482,
0.43170244,0.589318622,3.432978665,
0.43170257,0.58555489,3.430007602,
0.4317027,0.589318622,3.42697449,
0.43170283,0.589318622,3.423879533,
0.43170296,0.589318622,3.420722935,
0.43170309,0.58555489,3.417504909,
0.43170322,0.581791158,3.414225669,
0.43170335,0.58555489,3.410885433,
0.43170348,0.578027427,3.407484425,
0.43170361,0.581791158,3.40402287,
0.43170374,0.581791158,3.400501002,
0.43170387,0.574263695,3.396919053,
0.431704,0.574263695,3.393277264,
0.43170413,0.570499963,3.389575876,
0.43170426,0.570499963,3.385815138,
0.43170439,0.566736231,3.3819953,
0.43170452,0.566736231,3.378116617,
0.43170465,0.5629725,3.374179348,
0.43170478,0.559208768,3.370183755,
0.43170491,0.566736231,3.366130105,
0.43170504,0.559208768,3.362018668,
0.43170517,0.559208768,3.357849719,
0.4317053,0.5629725,3.353623536,
0.43170543,0.559208768,3.3493404,
0.43170556,0.5629725,3.345000598,
0.43170569,0.559208768,3.34060442,
0.43170582,0.5629725,3.336152158,
0.43170595,0.559208768,3.331644109,
0.43170608,0.559208768,3.327080574,
0.43170621,0.559208768,3.322461858,
0.43170634,0.551681305,3.317788269,
0.43170647,0.555445036,3.313060119,
0.4317066,0.559208768,3.308277723,
0.43170673,0.5629725,3.3034414,
0.43170686,0.555445036,3.298551473,
0.43170699,0.551681305,3.293608268,
0.43170712,0.551681305,3.288612115,
0.43170725,0.555445036,3.283563347,
0.43170738,0.559208768,3.278462302,
0.43170751,0.5629725,3.273309318,
0.43170764,0.566736231,3.268104741,
0.43170777,0.559208768,3.262848918,
0.4317079,0.566736231,3.257542198,
0.43170803,0.559208768,3.252184937,
0.43170816,0.5629725,3.246777491,
0.43170829,0.5629725,3.241320222,
0.43170842,0.5629725,3.235813493,
0.43170855,0.5629725,3.230257673,
0.43170868,0.5629725,3.22465313,
0.43170881,0.555445036,3.21900024,
0.43170894,0.5629725,3.21329938,
0.43170907,0.5629725,3.20755093,
0.4317092,0.559208768,3.201755273,
0.43170933,0.559208768,3.195912797,
0.43170946,0.555445036,3.19002389,
0.43170959,0.555445036,3.184088946,
0.43170972,0.555445036,3.178108361,
0.43170985,0.555445036,3.172082535,
0.43170998,0.555445036,3.166011867,
0.43171011,0.5629725,3.159896765,
0.43171024,0.5629725,3.153737636,
0.43171037,0.5629725,3.147534891,
0.4317105,0.5629725,3.141288943,
0.43171063,0.559208768,3.135000209,
0.43171076,0.5629725,3.12866911,
0.43171089,0.559208768,3.122296067,
0.43171102,0.566736231,3.115881505,
0.43171115,0.566736231,3.109425853,
0.43171128,0.570499963,3.102929542,
0.43171141,0.566736231,3.096393004,
0.43171154,0.570499963,3.089816675,
0.43171167,0.566736231,3.083200995,
0.4317118,0.566736231,3.076546406,
0.43171193,0.566736231,3.069853349,
0.43171206,0.559208768,3.063122274,
0.43171219,0.566736231,3.056353628,
0.43171232,0.559208768,3.049547863,
0.43171245,0.566736231,3.042705433,
0.43171258,0.570499963,3.035826795,
0.43171271,0.570499963,3.028912408,
0.43171284,0.570499963,3.021962732,
0.43171297,0.566736231,3.014978232,
0.4317131,0.566736231,3.007959374,
0.43171323,0.5629725,3.000906625,
0.43171336,0.559208768,2.993820457,
0.43171349,0.555445036,2.986701343,
0.43171362,0.559208768,2.979549756,
0.43171375,0.559208768,2.972366175,
0.43171388,0.551681305,2.965151078,
0.43171401,0.551681305,2.957904947,
0.43171414,0.540390109,2.950628266,
0.43171427,0.540390109,2.94332152,
0.4317144,0.536626378,2.935985196,
0.43171453,0.532862646,2.928619784,
0.43171466,0.540390109,2.921225775,
0.43171479,0.532862646,2.913803663,
0.43171492,0.532862646,2.906353942,
0.43171505,0.529098914,2.898877111,
0.43171518,0.536626378,2.891373667,
0.43171531,0.536626378,2.883844111,
0.43171544,0.532862646,2.876288946,
0.43171557,0.532862646,2.868708676,
0.4317157,0.532862646,2.861103806,
0.43171583,0.532862646,2.853474844,
0.43171596,0.532862646,2.845822299,
0.43171609,0.529098914,2.838146681,
0.43171622,0.532862646,2.830448502,
0.43171635,0.532862646,2.822728277,
0.43171648,0.529098914,2.81498652,
0.43171661,0.525335182,2.807223747,
0.43171674,0.529098914,2.799440477,
0.43171687,0.529098914,2.791637229,
0.431717,0.525335182,2.783814524,
0.43171713,0.529098914,2.775972883,
0.43171726,0.529098914,2.768112829,
0.43171739,0.525335182,2.760234888,
0.43171752,0.529098914,2.752339584,
0.43171765,0.525335182,2.744427444,
0.43171778,0.525335182,2.736498997,
0.43171791,0.525335182,2.728554771,
0.43171804,0.525335182,2.720595296,
0.43171817,0.525335182,2.712621104,
0.4317183,0.529098914,2.704632726,
0.43171843,0.525335182,2.696630695,
0.43171856,0.521571451,2.688615545,
0.43171869,0.529098914,2.680587811,
0.43171882,0.525335182,2.672548029,
0.43171895,0.525335182,2.664496734,
0.43171908,0.521571451,2.656434465,
0.43171921,0.521571451,2.648361759,
0.43171934,0.517807719,2.640279154,
0.43171947,0.517807719,2.63218719,
0.4317196,0.529098914,2.624086407,
0.43171973,0.521571451,2.615977345,
0.43171986,0.517807719,2.607860545,
0.43171999,0.517807719,2.599736549,
0.43172012,0.521571451,2.591605899,
0.43172025,0.525335182,2.583469137,
0.43172038,0.525335182,2.575326806,
0.43172051,0.529098914,2.567179449,
0.43172064,0.521571451,2.55902761,
0.43172077,0.529098914,2.550871833,
0.4317209,0.529098914,2.542712662,
0.43172103,0.532862646,2.534550641,
0.43172116,0.532862646,2.526386315,
0.43172129,0.529098914,2.518220229,
0.43172142,0.532862646,2.510052927,
0.43172155,0.532862646,2.501884954,
0.43172168,0.532862646,2.493716856,
